address,label
C70511,1
C7058D,2
C705E4,3
C7062A,4
C70688,5
C70711,6
C70789,7
C70868,8
C708DD,9
C70943,10
C709E8,11
C70A4C,12
C70AB5,13
C70B17,14
C70B59,15
C70BC4,16
C70BFF,17
C70C4D,18
C70C8D,19
C70D2F,20
C70D5F,21
C70DB0,22
C70DB6,23
C70E26,24
C70E61,25
C70E95,26
C70F16,27
C7105D,28
C710BB,29
C71140,30
C7117E,31
C71208,32
C71295,33
C712E3,34
C713CB,35
C71435,36
C7152C,37
C715B7,38
C7162B,39
C71677,40
C716B7,41
C7175B,42
C7179A,43
C717BC,44
C71808,45
C71837,46
C7188E,47
C718E0,48
C7192C,49
C71973,50
C719D7,51
C71A14,52
C71A67,53
C71AF0,54
C71B3F,55
C71BAA,56
C71BE2,57
C71CAD,58
C71D08,59
C71D65,60
C71DD2,61
C71EA1,62
C71EFB,63
C71F21,64
C71F78,65
C71FB8,66
C72026,67
C72139,68
C721D9,69
C72205,70
C72258,71
C72296,72
C722C1,73
C72348,74
C72398,75
C7246A,76
C724AB,77
C724D7,78
C7252B,79
C7259F,80
C72620,81